{
  "files": [
    {
      "filepath": "/Users/primary/code/jr200/nats-otlp-exporter/bench/exporter.bench.ts",
      "groups": [
        {
          "fullName": "bench/exporter.bench.ts > NatsSpanExporter.export (sync publish, mock)",
          "benchmarks": [
            {
              "id": "739233995_0_0",
              "name": "1 span, static subject",
              "rank": 1,
              "rme": 2.6181855700682624,
              "samples": [],
              "totalTime": 1500.001692999979,
              "min": 0.0014999999999645297,
              "max": 7.527458000000024,
              "hz": 443904.8323127521,
              "period": 0.002252735107184984,
              "mean": 0.002252735107184984,
              "variance": 0.0006029628897613946,
              "sd": 0.024555302681119502,
              "sem": 0.000030092237504172985,
              "df": 665857,
              "critical": 1.96,
              "moe": 0.00005898078550817905,
              "p75": 0.0018339999999170686,
              "p99": 0.004417000000103144,
              "p995": 0.006041999999979453,
              "p999": 0.022208999999975276,
              "sampleCount": 665858,
              "median": 0.0017500000001291482
            },
            {
              "id": "739233995_0_1",
              "name": "10 spans, static subject",
              "rank": 2,
              "rme": 2.1283641881884505,
              "samples": [],
              "totalTime": 1500.6256330001243,
              "min": 0.00912499999958527,
              "max": 10.201874999999745,
              "hz": 79570.81191614571,
              "period": 0.01256742234896173,
              "mean": 0.01256742234896173,
              "variance": 0.0022238132532294715,
              "sd": 0.04715732449184826,
              "sem": 0.0001364696513539251,
              "df": 119405,
              "critical": 1.96,
              "moe": 0.0002674805166536932,
              "p75": 0.010917000000063126,
              "p99": 0.04008299999986775,
              "p995": 0.060416999999688414,
              "p999": 0.19808299999976953,
              "sampleCount": 119406,
              "median": 0.010416999999961263
            },
            {
              "id": "739233995_0_2",
              "name": "100 spans, static subject",
              "rank": 3,
              "rme": 2.8241043267583334,
              "samples": [],
              "totalTime": 1500.0856219999819,
              "min": 0.08433299999978772,
              "max": 12.495041000000128,
              "hz": 8757.500110217148,
              "period": 0.1141878375580408,
              "mean": 0.1141878375580408,
              "variance": 0.03556192213034232,
              "sd": 0.1885786894915285,
              "sem": 0.0016452977862797997,
              "df": 13136,
              "critical": 1.96,
              "moe": 0.0032247836611084073,
              "p75": 0.09862500000053842,
              "p99": 0.5971669999998994,
              "p995": 0.7370409999998628,
              "p999": 0.8635409999997137,
              "sampleCount": 13137,
              "median": 0.09408299999995506
            }
          ]
        },
        {
          "fullName": "bench/exporter.bench.ts > NatsSpanExporter.export — Msg-Id + headers overhead",
          "benchmarks": [
            {
              "id": "739233995_1_0",
              "name": "with auto Msg-Id (default)",
              "rank": 3,
              "rme": 3.9365661357017876,
              "samples": [],
              "totalTime": 1500.0034800003523,
              "min": 0.002832999999554886,
              "max": 24.298541000000114,
              "hz": 237338.7827073017,
              "period": 0.004213386403153719,
              "mean": 0.004213386403153719,
              "variance": 0.002549450109434363,
              "sd": 0.050492079670324166,
              "sem": 0.00008462384811878209,
              "df": 356008,
              "critical": 1.96,
              "moe": 0.0001658627423128129,
              "p75": 0.003582999999707681,
              "p99": 0.008499999999912689,
              "p995": 0.010333000000173342,
              "p999": 0.05220900000040274,
              "sampleCount": 356009,
              "median": 0.0033750000002328306
            },
            {
              "id": "739233995_1_1",
              "name": "no Msg-Id",
              "rank": 2,
              "rme": 3.9856146766888942,
              "samples": [],
              "totalTime": 1500.1651540002504,
              "min": 0.0015000000003055902,
              "max": 17.917875000000095,
              "hz": 402624.336653469,
              "period": 0.002483704806102371,
              "mean": 0.002483704806102371,
              "variance": 0.0015406980300806845,
              "sd": 0.03925172645987288,
              "sem": 0.00005050556289675691,
              "df": 604002,
              "critical": 1.96,
              "moe": 0.00009899090327764353,
              "p75": 0.0018749999999272404,
              "p99": 0.005707999999685853,
              "p995": 0.007000000000516593,
              "p999": 0.05254199999944831,
              "sampleCount": 604003,
              "median": 0.0017919999991136137
            },
            {
              "id": "739233995_1_2",
              "name": "no headers at all",
              "rank": 1,
              "rme": 4.49464482005733,
              "samples": [],
              "totalTime": 1500.0008829999788,
              "min": 0.001374999999825377,
              "max": 19.58283400000073,
              "hz": 433409.74486613635,
              "period": 0.002307285454111932,
              "mean": 0.002307285454111932,
              "variance": 0.0018200002873863207,
              "sd": 0.04266146138362258,
              "sem": 0.00005291035007509092,
              "df": 650114,
              "critical": 1.96,
              "moe": 0.0001037042861471782,
              "p75": 0.0017090000001189765,
              "p99": 0.005875000000742148,
              "p995": 0.007707999999183812,
              "p999": 0.061625000000276486,
              "sampleCount": 650115,
              "median": 0.0016250000007858034
            }
          ]
        },
        {
          "fullName": "bench/exporter.bench.ts > NatsSpanExporter.export — dynamic subject",
          "benchmarks": [
            {
              "id": "739233995_2_0",
              "name": "1 span, dynamic subject",
              "rank": 1,
              "rme": 3.067699690959273,
              "samples": [],
              "totalTime": 1500.4258790004733,
              "min": 0.003040999999939231,
              "max": 4.292957999999999,
              "hz": 227347.45166301704,
              "period": 0.004398553811292495,
              "mean": 0.004398553811292495,
              "variance": 0.001616731864676087,
              "sd": 0.040208604361207156,
              "sem": 0.00006884409269168224,
              "df": 341117,
              "critical": 1.96,
              "moe": 0.0001349344216756972,
              "p75": 0.0037919999995210674,
              "p99": 0.005832999999256572,
              "p995": 0.007458000000042375,
              "p999": 0.020458000000871834,
              "sampleCount": 341118,
              "median": 0.0036249999993742676
            },
            {
              "id": "739233995_2_1",
              "name": "100 spans, dynamic subject (single resource)",
              "rank": 2,
              "rme": 4.571095985247049,
              "samples": [],
              "totalTime": 1500.906127000144,
              "min": 0.09208400000170514,
              "max": 30.085250000000087,
              "hz": 6927.1487489896845,
              "period": 0.14435953900164894,
              "mean": 0.14435953900164894,
              "variance": 0.1178494488928344,
              "sd": 0.3432920751966675,
              "sem": 0.0033667413732783283,
              "df": 10396,
              "critical": 1.96,
              "moe": 0.006598813091625523,